{"cameraMode":{"drawMode":0,"name":"Shaded","section":"Shading Mode"},"sceneLighting":false,"audioPlay":false,"sceneViewState":{"m_AlwaysRefresh":false,"showFog":true,"showSkybox":true,"showFlares":true,"showImageEffects":true,"showParticleSystems":true,"showVisualEffectGraphs":true,"m_FxEnabled":true},"in2DMode":false,"pivot":{"x":1.1403502225875855,"y":-0.9104142189025879,"z":-11.091536521911621},"rotation":{"x":-0.05363944545388222,"y":0.9371426701545715,"z":-0.16647757589817048,"w":-0.3019492030143738},"size":12.162415504455567,"orthographic":false}